,name,description
0,13.03.01 Теплоэнергетика и теплотехника,"Форма обучения:Очно/ЗаочноПрофиль:Промышленная теплоэнергетикаВступительные экзамены:Математика; Физика / Информатика; Русский языкСрок обучения:очно 4 года / заочно 5 летЧто изучать:- энергоблоки, парогазовые и газотурбинные установки, установки по производству сжатых и сжиженных газов;- объекты малой энергетики, установки, системы и комплексы высокотемпературной и низкотемпературной теплотехнологии;- реакторы и парогенераторы атомных электростанций, паровые и газовые турбины;- системы энергообеспечения промышленных и коммунальных предприятий;- компьютерную и инженерную графику;-основы эксплуатации и проектирования.Чем заниматься:- проводить исследования;- проектировать, конструировать и эксплуатировать технические средства по производству теплоты;- управлять менеджментом качества;- следить за качеством продукции, за расходом всех видов энергии и топлива и за соблюдением техники безопасности и экологической безопасности на предприятиях;-разрабатывать и проектировать нетрадиционные технологии генерации энергии."
1,20.03.01 Техносферная безопасность,"Форма обучения:Очно/заочноПрофили:Инженерная
защита окружающей среды; Безопасность технологических процессов и производствВступительные экзамены:Математика; Физика / Информатика; Русский языкСрок обучения:4 года/5 летЧто изучать:- опасности среды обитания, связанные с деятельностью человека и опасными природными явлениями;- опасные технологические процессы и производства;методы и средства оценки техногенных и природных опасностей и риска их реализации;- методы, средства спасения человека;- методы и средства защиты человека и среды обитания от техногенных и природных опасностей;- правила нормирования опасностей и антропогенного воздействия на окружающую природную среду;- нормативные правовые акты по вопросам обеспечения безопасности.Чем заниматься:- обеспечивать безопасность человека в современном мире;- заниматься сохранением жизни и здоровья человека за счет использования современных технических средств,методов контроля и прогнозирования;- формировать комфортную для жизни и деятельности человека техносферу;- минимизировать техногенное воздействие на окружающую среду."
2,21.03.02 Землеустройство и кадастры,"Форма обучения:Очно/ЗаочноПрофиль:Кадастр недвижимости (очно); Городской кадастр (очно/заочно)Вступительные экзамены:Математика; Физика 
/ География /Информатика; Русский языкСрок обучения:очно 4 года / заочно 5 летЧто изучать:- виды природных ресурсов;категории земельного фонда и объекты землеустройства;объекты недвижимости и кадастрового учета;- информационные системы, инновационные технологии в землеустройстве и кадастрах;- земельные угодья;- геодезические и картографические основы землеустройства и кадастра недвижимости;- землеустроительное проектирование, планирование и организацию рационального использования земель.Чем заниматься:-  устанавливать права собственности и контролировать использования земельных участков и иных объектов недвижимости;- собирать и анализировать проектные и исходные данные по землеустройству и градостроительству;- выстраивать систему управления земельными ресурсами и объектами недвижимости;- планировать и проектировать процессы землепользования, рационального использования и охраны земель."
3,27.03.03 Системный анализ и управление,"Форма обучения:ОчноПрофили:Системный анализ, управление социальными и экономическими процессамиВступительные экзамены:Математика; Физика / Информатика; Русский языкСрок обучения:4 годаЧто изучать:- физические и математические процессы моделирования объектов;- методы, технологии, порядок действий и модели автоматизированных программных средств проектирования;- принципы системного анализа;- моделирование, производство и эксплуатация технических систем, объектов, приборов и устройств различного назначения.Чем заниматься:- работать с технологиями и системами, которые требуют программирования и управления на основе системно-аналитического подхода;- устанавливать структурные связи в системах, обобщать полученные сведения и опыт за период существования проблемы;- осуществлять проверку соответствия реализуемых проектов и пакета технических документов."
4,42.03.01 Реклама и связи с общественностью,"Форма обучения:Очно/ЗаочноПрофиль:Диджитал маркетингВступительные экзамены:Обществознание; История / Иностранный язык/Литература/ Информатика; Русский языкСрок обучения:4 года/5 летЧто изучать:- практику и теорию массовой информации;- медиапланирование, PR, основы рекламы и рекламные компании;- основы репутационного менеджмента, имиджирование в политике;- технологии политического спичрайтинга;- социология массовых коммуникаций;- организация работы рекламных отделов;- основы теории коммуникации;- работа органов государственной власти, негосударственных, общественных и коммерческие организаций, СМИ.Чем заниматься:- заниматься исследованием различных рынков;- формировать и поддерживать соответствующий имидж организации;- организовывать презентации, выставки, составлять и размещать пресс-релизы, вести аккаунты компании в социальных сетях, осуществлять медиа-планирование;- использовать современные, в том числе интернет-технологии, для решения коммуникационных задач;- выстраивать взаимоотношения с внешним окружением компании;- придумывать и осуществлять рекламные кампании на наружных носителях и в СМИ."
5,43.03.01 Сервис,"Форма обучения:ОчноПрофиль:Экономика сервисного предприятия и организация постпродажного обслуживания;Вступительные экзамены:Обществознание; История /География/ Иностранный язык/ Математика; Русский языкСрок обучения:4 годаЧто изучать:- потребителей, их потребности и запросы;- процессы сервиса, методы диагностики, моделирования и разработки материальных и нематериальных объектов сервиса;- информационные системы и технологии;- технологии формирования, продвижения и реализации услуг в соответствии с потребностями потребителей;- процессы предоставления услуг в соответствии с потребностями потребителей и формирования клиентурных отношений;- средства труда, правовые, нормативные и учетные документы;- информационные системы и технологии.Чем заниматься:- проводить экспертизу и диагностику объектов сервиса;организовывать процессы сервиса, обеспечивающие предоставление услуг потребителю в системе согласованных условий и клиентурных отношений;- разрабатывать регламент сервисного процесса в соответствии с запросами клиентов;- участвовать в исследованиях клиентских предпочтений и потребностей."
6,43.03.01 Сервис,"Форма обучения:ОчноПрофиль:Конгрессно-выставочная деятельность и иностранные языкиВступительные экзамены:Обществознание; История /География/ Иностранный язык/ Математика; Русский языкСрок обучения:4 годаЧто изучать:- технологии проектирования мероприятий от идеи до реализации;- деловую коммуникацию на русском, английском и китайском языках;- основы экономики, маркетинга и сервисной деятельности;- глобальные тренды в международной конгрессно-выставочной деятельности.Чем заниматься:- планированием и организацией форумов, конгрессов, выставок, ярмарок и других мероприятий всероссийского и международного уровней;- организацией деловых встреч и переговоров на 3 языках;- мониторингом международного рынка конгрессно-выставочных услуг."
7,43.03.03 Гостиничное дело,"Форма обучения:ОчноПрофиль:Индустрия гостеприимства и туризма;Вступительные экзамены:Обществознание; История /География/ Иностранный язык/ Математика; Русский языкСрок обучения:4 годаЧто изучать:- запросы, потребности и ключевые ценности потребителя гостиничного продукта;- организацию процесса  предоставления услуг предприятиями гостиничной деятельности;- технику и оборудование, обеспечивающие технологические процессы гостиничной деятельности,- безопасность жизнедеятельности;- гостиницы и другие средства размещения, объекты санаторно-курортной деятельности и отдыха, объекты общественного питания, досуга и другие объекты, связанные с формированием и реализацией гостиничного продукта;технологии формирования,- продвижения и реализации гостиничного продукта;управление технологическими и человеческими ресурсами.Чем заниматься:- на основе регламентов формировать процессы обеспечения гостиничной деятельности, соответствующих современным стандартам и удовлетворяющих требования потребителей;- работать с претензиями клиентов;- осуществлять контроль хозяйственной деятельности объектов размещения;- составлять бизнес-планы и программы развития;- создавать и реализовывать маркетинговую политику гостиниц и мини-отелей."
8,38.03.01 Экономика,"Форма обучения:ОчноПрофиль:Инженерная экономикаВступительные экзамены:Математика; История / Иностранный язык/ География/ Информатика/ Обществознание; Русский языкСрок обучения:4 годаЧто изучать:- экономика предприятий и организаций;- разработку и экономическую оценку эффективности управленческихрешений;- финансы, денежное обращение и кредитное обеспечение;- систему искусственного интеллект- цифровую и правовую культуру.Чем заниматься:- проведение экономического анализа деятельности компании;- ведение бухгалтерского и управленческого учета;- предоставление финансового консультирования;- осуществление бизнес-аналитики и анализа рисков;- оценка инвестиционными проектами."
9,38.03.02 Менеджмент,"Форма обучения:ОчноПрофиль:Отраслевой и корпоративный менеджментВступительные экзамены:Математика; История/ Иностранный язык/ Информатика/ Обществознание; Русский языкСрок обучения:4 годаЧто изучать:- организационное
поведение в менеджменте;- управление
ресурсами предприятия;- управление
бизнес-процессами;- отраслевой
менеджмент;- инновационный
менеджмент;- стратегический
менеджмент;- лидерство
и командообразование;- регламентация
и нормирование труда;- ценообразование
и ценовое регулирование;-управленческая
диагностика деятельности предприятия;- внутрифирменное
планирование на отраслевых предприятиях;- разработка
управленческих решений;- финансовый
учет и налоговое планирование.Чем заниматься:- организация процесса стратегического и
тактического планирования;- руководство инвестиционными проектами;- разработка и обоснование
производственных решений;- оценка производственно-технического потенциала
предприятия;- формирование стратегии развития
организации;- оптимизация структуры управления
предприятием;- управление трудовыми ресурсами
предприятия."
10,21.05.01  Прикладная геодезия,"Форма обучения:ОчноПрофиль:Инженерно-геодезические изысканияВступительные экзамены:Математика; Физика 
/ География/Информатика; Русский языкСрок обучения:5 летЧто изучать:- физическую поверхность Земли и других планет, а также околоземное космическое пространство;- искусственные и естественные объекты на физической поверхности и внутри Земли и других планет;- геодинамические явления и процессы, гравитационные, электромагнитные и другие физические поля.Чем заниматься:- проводить топографо-геодезические съемки различного масштаба;- осуществлять мониторинг внешней среды, используя топографические, геодезические и картографические материалы, дистанционное зондирование и ГИС-технологии;строить цифровые модели местности;-получать информацию о физической поверхности Земли, ее недрах, объектах космического пространства;- отображать физическую поверхность Земли на планах и картах;- организовывать и осуществлять работы по сбору и распространению гео-пространственных данных."
11,38.05.01 Экономическая безопасность,"Форма обучения:ОчноПрофиль:Экономическая безопасность бизнеса в цифровой экономикиВступительные экзамены:Математика; Информатика / Обществознание/ История; Русский языкСрок обучения:5 летЧто изучать:- цифровую и правовую культуру;- аналитику данных;- экономическую безопасность;- экономический анализ;- системы искусственного интеллекта.Чем заниматься:- формировать, анализировать и
оценивать информацию, необходимую для принятия решений по обеспечению
экономической безопасности;- подбор методик и
расчет экономических показателей, характеризующих социально-экономических процессов в целях выявления рисков и угроз экономической безопасности;- обеспечивать стабильное
функционирование системы экономической безопасности предприятия, принимать оптимальные
организационно-управленческие решения по нейтрализации рисков и угроз;-
проводить мониторинг деятельности, применять методы осуществления контроля и
анализировать его результаты."
12,13.04.01 Теплоэнергетика и теплотехника,"Форма обучения:ОчноПрограмма:Цифровой инжиниринг и энергосберегающие технологииСрок обучения:2 годаЧто изучать:- углубленную научную и профессиональную подготовку в области генерации, трансформации и преобразования тепловой энергии;- управление проектами топливно-энергетического комплекса при помощи цифровых технологий;- выполнение высококвалифицированного анализа энергетического состояния установок и систем.Чем заниматься:- научно-исследовательская, производственно-технологическая, расчетно-проектная, проектно-конструкторская, организационно-управленческая деятельности;- сбор и анализ исходных данных для проектирования систем теплоэнергоснабжения предприятий и их элементов."
13,20.04.01 Техносферная безопасность,"Форма обучения:Очно/ЗаочноПрограмма:Безопасность технологических процессов и производств; Управление техносферной безопасностью; (очно/заочно)Проектирование и управление экологической безопасностью (очно)Срок обучения:2 года/2 года 6 мес.Что изучать:- современные технические средства, методы контроля и прогнозирования для сохранения жизни человека;обеспечение безопасности человека в современном мире;- техногенное воздействие на природную среду;- системы безопасности, защиты и спасения людей.Чем заниматься:- человек и опасности, связанные с его деятельностью;- опасности среды обитания, связанные с деятельностью человека;- опасные технологические процессы и производства;- методы и средства оценки опасностей, риска;- правила нормирования опасностей и антропогенного воздействия на окружающую природную среду;- методы средства и силы спасения человека."
14,21.04.02 Землеустройство и кадастры,"Форма обучения:ОчноПрограмма:Организация и развитие урбанизированных территорийСрок обучения:2 годаЧто изучать:- программа направлена на опережающую подготовку специалистов в области управления земельно-имущественным комплексом;- выпускники способны производить комплексную оценку градостроительных, экономических и инженерных условий городских и межселенных территорий в едином геоинформационном пространстве. Эти навыки необходимы для целей прогнозирования и реалистичного планирования управленческих решений.Чем заниматься:- сфера деятельности специалиста по землеустройству и кадастрам тесно связана с картографией, геодезией, строительством, экономикой, урбанистико- магистры занимаются проектированием и экспертизой для ведения государственного кадастра недвижимости, геодезических и землеустроительных работ, правового регулирования земельно-имущественных отношений, проводят межевание земель и др."
15,38.04.06. Торговое дело,"Форма обучения:ОчноПрограмма:Логистика и коммерческая деятельность в нефтегазовом бизнесеСрок обучения:2 годаЧто изучать:- управление
маркетинговой деятельностью предприятия нефтегазового бизнеса;- управление
инновационными логистическими технологиями в нефтегазовом бизнесе;- методы
и модели принятия решения в коммерческой деятельности предприятий нефтегазового
бизнеса;- стратегическое
управление коммерческой деятельностью нефтегазового предприятия;- отраслевой
логистический менеджмент;- регулирование
сырьевых рынков и трейдинг.Чем заниматься:- управление
запасами и цепями поставок;- проектирование и развитие логистической инфраструктуры;- взаимодействие с поставщиками и логистическими операторами;- формирование и развитие цифровой логистической и производственной инфраструктуры."
16,38.04.09 Государственный аудит,"Форма обучения:ОчноПрограмма:Экспертиза и аналитика в сфере государственного аудита и контроляСрок обучения:2 годаЧто изучать:- обучение предполагает профессиональный уровень подготовки в области государственного контроля с целью повышения эффективности деятельности организаций различных форм собственности, стимулирования качества государственного и финансового управления, содействия социально-экономическому развитию.Чем заниматься:- выпускники смогут осуществлять диагностику и оценку эффективности различных аспектов деятельности организаций;- проводить исследование процессов на уровне отрасли, территории и страны в целом."
17,42.04.01 Реклама и связи с общественностью,"Форма обучения:ОчноПрограмма:Рекламный медиа-бизнес (англ.)Срок обучения:2 годаЧто изучать:- магистерская программа не только дает необходимый набор профессиональных компетенций будущим специалистам – от исследований и анализа рынка до современных коммуникативных технологий. Она позволяет овладеть принципами управленческой деятельности в медийной сфере, вне которых лидерство в исполнительских командах невозможно.Чем заниматься:- системное выстраивание производственного процесса выпуска коммуникационного продукта с применением современных информационных технологий;- организация работы и руководство предприятием (подразделением) в современной индустрии рекламы и связей с общественностью."
18,27.04.03 Системный анализ и управление,"Форма обучения:ЗаочноПрограмма:Управление социально-экономическими системамиСрок обучения:2 года 6 мес.Что изучать:- процессы управления
техническими объектами на основе отечественного и зарубежного опыта;- методы системного анализа
эффективности управления техническими объектами в отраслях ТЭК;- разработка алгоритмов
решения задач управления сложными производственными объектами;- нормативно-методическое
обеспечение и техническая документация для проведения системного анализа на
предприятии ТЭК.Чем заниматься:- участвовать в
разработке решений по управлению и коррекции процессов управления техническими
объектами на основе отечественных и мировых тенденций развития методов
управления, информационных и интеллектуальных технолог- заниматься оценкой
методов системного анализа вариантов эффективного управления техническими
объектами в отраслях ТЭК;- управлять
сложными объектами в отраслях ТЭК;- разрабатывать
методические и нормативные документы, техническую документацию, а также
предложения и мероприятия по реализации."
19,38.04.01 Экономика,"Форма обучения:ЗаочноПрограмма:Управленческая экономика и стратегия бизнесаСрок обучения:2 года 6 мес.Что изучать:- экономическая безопасность в бизнесе и управление рисками;- модели поведения экономических агентов и рынков;- методы анализа при выработке и принятии управленческих решений- инструменты и методы управления экономическими системами;- управление проектами и формирование бизнес-планов.Чем заниматься:- разработка стратегий развития и функционирования регионов и предприятий;- обеспечение конкурентоспособности бизнеса путем внедрения гибких подходов к управлению;- экономическое обоснование стратегических и оперативных управленческих решений;- управление бизнес-процессами компаний различных форм собственности и отраслевой принадлежности, органов власти и управления."
20,15.03.03 Прикладная механика,"Форма обучения:ОчноПрофиль:Моделирование механических систем и процессовВступительные экзамены:Математика; Физика 
/ Информатика и ИКТ / Русский языкСрок обучения:4 годаЧто изучать:- элементы машин и механизмов различного назначения;-методы подбора материалов для заданных условий применения;- способы прогнозирования состояния машин и конструкций при работе в различных условиях;- способы моделирования конструкций, механизмов и их элементов.Чем заниматься:- проектировать, конструировать и модернизировать машины, оборудование и сооружения;- осуществлять экспертную оценку прочности, жесткости и надежности различных конструкций и сооружений;- разрабатывать математические и конструкторские модели для проектирования реальных объектов с требуемыми свойствами."
21,21.04.01 Нефтегазовое дело,"Форма обучения:Очно/Очно-заочноПрограммы (очно):Управление эффективностью систем транспорта, хранения нефти и газа;Надежность и безопасность объектов транспорта углеводородных ресурсов, EN;Программы (очно-заочно):Управление эффективностью систем транспорта, хранения нефти и газа;Технологии транспорта и хранения нефти и газа в сложных природно-климатических условияхСрок обучения:2 года / 2 года 6 месЧто изучать:- разработка инновационных проектов для сложных климатических условий;- задачи обоснования оптимальных решений в области управления современными предприятиями ТЭК;- актуальные вопросы обеспечения надежности и безопасности с использованием опыта и возможностей отечественных компаний;.Чем заниматься:- управление технологическими процессами и производствами в ТЭК, включая транспорт и хранение углеводородов;- обеспечивание надежности и безопасности функционирования систем транспорта и хранения углеводородов;- проектирование и эксплуатация объектов транспорта и хранения углеводородов."
22,01.03.02 Прикладная математика и информатика,"Форма обучения:ОчноПрофиль:Прикладное программирование и компьютерные технологииВступительные экзамены:Математика; Физика 
/ Информатика и ИКТ / Химия / Иностранный язык; Русский языкСрок обучения:4 годаЧто изучать:– web-программирование;– анализ данных и машинное обучение;– глубокое обучение;– проектирование программного обеспечения;– проектирование пользовательских интерфейсов;– разработка мобильных приложений;– тестирование программного обеспечения;– анализ и моделирование бизнес-процессов;– компьютерная графика;– управление разработкой программного продукта;– корпоративные информационные системы.Чем заниматься:– моделировать с помощью математических методов информационные и имитационные модели в различных научно-производственных сферах;– в совершенстве освоить языки и методы программирования, и применять их для написания оригинальных программ в различных сферах;– разрабатывать программное обеспечение;– работать с различными базами данных и операционными системами;– разрабатывать системы цифровой обработки информации;– обеспечивать безопасность компьютерных сетей."
23,09.03.01 Информатика и вычислительная техника,"Форма обучения:Очно/ЗаочноПрофиль:Автоматизированные системы обработки информации и управленияВступительные экзамены:Математика; Физика  / Информатика и ИКТ / Химия / Иностранный язык; Русский языкСрок обучения:4 года/5 летЧто изучать:- вычислительные машины, комплексы, системы и сети;- автоматизированные системы обработки информации и управления;-  системы автоматизированного проектирования;- программное обеспечение средств вычислительной техники и автоматизированных систем.Чем заниматься:- применять средства вычислительной техники и программирование для эффективной реализации аппаратно-программных комплексов;- проектировать программное обеспечение вычислительных и автоматизированных систем;- тестировать и налаживать аппаратно-программные комплексы;- разрабатывать программы и методики испытаний;-  создавать и исследовать модели вычислительных и информационных процессов."
24,09.03.01 Информатика и вычислительная техника,"Форма обучения:ОчноПрофиль:Информационная
безопасность компьютерных систем и сетейВступительные экзамены:Математика; Физика  / Информатика и ИКТ / Химия / Иностранный язык; Русский языкСрок обучения:4 годаЧто изучать:- Теоретическая и прикладная информатика- Алгоритмы и структуры данных- Параллельные методы и алгоритмы- Объектно – ориентированное программирование- Технологии веб-программирования- Системы искусственного интеллекта- Базы данных- Формальные языки и теория автоматов- Электротехника- Электроника- Цифровая схемотехника- Организация ЭВМ- Основы информационной безопасностиИнформационная безопасность баз данных и операционных систем- Информационная безопасность WEB-приложений- Информационная безопасность компьютерных сетей- Программно-аппаратные средства защиты информации- Методы и средства криптографической защиты информации- Разработка безопасного программного обеспечения- Реагирование на инциденты информационной безопасности- Комплексная оценка уровня безопасности компьютерных систем и сетей- Анализ и реверс инжиниринг программных средств- Управление проектами в области информационной безопасностиЧем заниматься:- Обеспечение информационной безопасности компьютерных систем и сетей.- Техническое обслуживание и администрирование средств защиты информации и процесса управления безопасностью сетевых устройств и программного обеспечения в компьютерных системах и сетях.- Оценивание уровня безопасности компьютерных систем и сетей.- Проведение тестирования программного обеспечения.- Администрирование процесса установки, конфигурирования и проведение регламентных работ на сетевых устройствах и программном обеспечении.- Обеспечение и оптимизация функционирования баз данных.- Управление работами по сопровождению и проектами создания (модификации) информационных систем, автоматизирующих задачи организационного управления и бизнес-процессы, в т.ч. систем информационной безопасности."
25,09.03.02 Информационные системы и технологии,"Форма обучения:Очно/ЗаочноПрофиль:Информационные системы и технологии в геологии и
нефтегазовой отрасли;Информационные системы и технологии; Интеллектуальные системы и технологии
«Умный город»Вступительные экзамены:Математика; Физика  / Информатика и ИКТ / Химия / Иностранный язык; Русский языкСрок обучения:4 года/5 летЧто изучать:- базы данных, операционные системы;- вычислительную и дискретную математику;- инженерную и компьютерную графику;- математическую логику и теорию алгоритмов, матанализ, теория вероятностей, математическая статистика и случайные процессы;- методы и средства защиты компьютерной информации, методы оптимизации;- программирование на языке высокого уровня;- электротехника, электроника и схемотехника.Чем заниматься:- создавать прикладные и базовые технологии и собирать программную систему;- создавать и разрабатывать модели, методы и средства анализа и разработки математического, лингвистического, информационного и программного обеспечения автоматизированных систем;- принимать участие в вычислительных тестированиях и экспериментах, направленных на проверку применяемых математических моделей;- обеспечивать непрерывную работу и сопровождать информационные технологии и системы, опираясь на требования по качеству и надежности."
26,38.03.05 Бизнес-информатика,"Форма обучения:Очно/заочноПрофиль:Информационные системы предприятияВступительные экзамены:Математика; Обществознание / История / Информатика и
ИКТ / Иностранный язык; Русский языкСрок обучения:4 года/5 летЧто изучать:– IT - консалтинг;– IT – аудит;– архитектуру предприятия;– ИС и ИКТ управления бизнесом;– методы и инструменты управления жизненным циклом ИС и ИКТ;– методологию моделирования бизнес-процессов;– цифровую аналитику;– инновации и инновационные процессы в сфере ИКТ.Чем заниматься:– описывать и разрабатывать архитектуру предприятия;– анализировать и моделировать бизнес-процессы;– использовать инструменты для проведения цифровой аналитики;– применять лучшие практики продвижения инновационных программно-информационных продуктов и услуг."
27,01.04.02 Прикладная математика и информатика,"Форма обучения:Очно/Очно-заочноПрограмма:Машинное обучение и анализ данныхСрок обучения:2 года / 2 г. 6 мес.Что изучать:- математические основы машинного обучения;- алгоритмы анализа данных;- инструменты для создания и обучения нейронных сетей;- методы обработки естественного языка и анализа изображений;- системы хранения и обработки больших данных;- технологии управления проектами в области машинного обучения и анализа данных.Чем заниматься:- cтроить модели машинного обучения для обработки данных и оценивать их качество;- создавать и обучать нейросети;- формулировать задачи для проектов по анализу данных, подбирать алгоритмы и метрики для их решения, интерпретировать результаты и составлять отчеты об исследовании;- управлять ИТ-проектами на основе современных методов проектного менеджмента."
28,09.04.01  Информатика и вычислительная техника,"Форма обучения:ОчноПрограмма:Нейросетевые технологии в автоматизированных системах управленияСрок обучения:2 годаЧто изучать:-  теоретическое и экспериментальное исследование научно-технических проблем;- решение задач в архитектуре параллельных вычислительных систем;- защиту информации в автоматизированных информационных системах;- технологии разработки программного обеспечения.Чем заниматься:- работать с нейросетевыми технологиями в управлении и проектировании;- проектировать системы реального времени и хранилищ данных в информационных системах, сетевых технологиях;- анализировать продуктивность конструируемых систем, выполняя технико-экономический и функционально-стоимостной анализ."
29,12.03.01 Приборостроение,"Форма обучения:ОчноПрофиль:Приборы, методы контроля качества и диагностикиВступительные экзамены:Математика; Физика 
/ Информатика; Русский языкСрок обучения:4 годаЧто изучать:- электронно-механические, магнитные, электромагнитные, оптические, теплофизические, акустические и акустооптические методы контроля качества и диагностики;- приборы, комплексы и элементную базу приборостроения;- программное обеспечение и информационно-измерительные технологии в приборостроении;- технологии производства материалов, элементов, приборов и систем;- планирование проектных и конструкторско-технологических работ и контроль их выполнения;- методы осуществления технического контроля и участие в управлении производством изделий приборостроения.Чем заниматься:- проводить сбор, тестирование и наладку пилотных экземпляров приборов;- координировать процесс технологической подготовки при изготовлении устройств, имеющих разные особенности и назначения;- создавать технологические стандарты в сфере расхода сырья и заготовок;- проводить ориентировочную оценку эффективности технических процессов в сфере экономики и выбора стандартного оборудования, необходимого для реализации производственного процесса;- проводить исследования, направленные на создание новых методов и средств получения, регистрации и обработки информации об окружающей среде, технических объектах и материалах;- осуществлять работы по обеспечению контроля состояния опасных производственных объектов;- разрабатывать программные алгоритмы диагностики технических систем;- заниматься подготовкой и организацией производства приборов и систем, предназначенных для получения, регистрации и обработки информации об окружающей среде, технических и биологических объектах, материалов для их создания."
30,13.03.02 Электроэнергетика и электротехника,"Форма обучения:Очно / ЗаочноПрофиль:Электроснабжение. Электропривод и автоматикаВступительные экзамены:Математика; Физика 
/ Информатика; Русский языкСрок обучения:4 года / 5 летЧто изучать:- системы электроснабжения городов, промышленных предприятий, сельского хозяйства, транспортных систем и их объектов;- установки высокого напряжения различного назначения, электроизоляционные материалы, средства обеспечения электромагнитной совместимости оборудования;- релейную защиту и автоматизацию электроэнергетических систем;- электрические машины, трансформаторы, электромеханические комплексы и системы, включая их управление и регулирование;- электрический привод и автоматику механизмов и технологических комплексов в различных отраслях;- электрооборудование низкого и высокого напряжения;- методы и средства защиты человека, промышленных объектов и среды обитания от антропогенного воздействия.Чем заниматься:- заниматься проектированием и эксплуатацией электроэнергетических и теплоэнергетических установок;- осуществлять процессы производства, передачи, распределения, преобразования, применения и управления потоками электрической энергии на основе совокупности технических средств, способов и методов;- осуществлять контроль за передачей и распределением энергии, за ее применением, производством и преобразованием;- внедрять технологии разработки, изготовления и контроля качества элементов, аппаратов, устройств, систем и их компонентов."
31,15.03.05 Конструкторско-технологическое обеспечение машиностроительных производства,"Форма обучения:ОчноПрофиль:Конструкторское обеспечение
металлообрабатывающего оборудования и инструментальных системВступительные экзамены:Математика; Физика  / Информатика; Русский языкСрок обучения:4 годаЧто изучать:- современное эффективное технологическое оборудование для изготовления изделий машиностроения;- инновационные методы компьютерного моделирования технологического оборудования;- методы и способы проектирования станочных и инструментальных систем;- разработку управляющих программ для современных станков с числовым программным управлением и промышленных роботов;- CAD/CAM/CAE/PDM – технологии 
проектирования.Чем заниматься:- анализировать,
разрабатывать и внедрять эффективное
технологическое оборудование для изготовления изделий машиностроения;- способен выбирать материалы,
оборудование, средства технологического оснащения для реализации производственных
задач;-  проводить анализ, конструирование и проектирование технического и
технологического оснащения рабочих мест механообрабатывающего производства;-  разрабатывать
управляющие программы изготовления деталей на оборудовании с ЧПУ; - выбирать оборудование и
средства механизации и автоматизации технологических операций механосборочного
производства;-  осуществлять внедрение
средств механизации и автоматизации технологических операций механосборочного
производства и контроль за их эксплуатацией."
32,18.03.01 Химическая технология,"Форма обучения:Очно / ЗаочноПрофиль:Химическая технология переработки нефти и газаВступительные экзамены:Химия; Математика / Физика 
/ Информатика; Русский языкСрок обучения:4 года / 5 летЧто изучать:- технологические процессы подготовки и переработки нефти, газа и газового конденсата;- физико-химические свойства продуктов нефтехимии и товарных нефтепродуктов (топливо, масло, битум и др.);- технологическое оборудование процессов подготовки и переработки нефти, газа и газового конденсата;- моделирование и проектирование химико-технологических процессов по подготовке и переработке углеводородного сырья;- современные технологические процессы, обеспечивающие повышение глубины переработки углеводородного сырья.Чем заниматься:- управлять технологическими процессами производства продукции нефтегазопереработки;- модернизировать существующие и создавать новые технологические решения по подготовке и переработке углеводородного сырья;- разрабатывать и проектировать технологии подготовки и переработки нефти, газа и газового конденсата;- моделировать процессы и объекты, используя прикладные программы и приложения для автоматизированного проектирования."
33,"18.03.02 Энерго - и ресурсосберегающие процессы в химической технологии, нефтехимии и биотехнологии","Форма обучения:ОчноПрофиль:Машины и аппараты химических производствВступительные экзамены:Химия; Математика / Физика  / Информатика; Русский языкСрок обучения:4 годаЧто изучать:- техническую эксплуатацию машин и аппаратов нефтегазоподготовки и переработки;- современные методы эксплуатации технологического оборудования, обеспечивающие снижение затрат энергии и ресурсов в области подготовки и переработки нефти и газа;- контрольно-измерительные приборы и средства автоматизации технологических процессов подготовки и переработки углеводородного сырья;- расчет и конструирование машин и аппаратов нефтегазопереработки и подготовки с применением систем автоматизированного проектирования;- системы искусственного интеллекта в химической технологии, нефтехимии и биотехнологии;- действующие многоассортиментные производства химической и смежных отраслей промышленности.Чем заниматься:- производить работы по монтажу, наладке и пуску технологического оборудования для подготовки и переработки нефти, газа и газового конденсата;- обеспечивать безопасную эксплуатацию, техническое обслуживание и ремонт машин и аппаратов нефтегазоподготовки и переработки;- конструировать и проектировать технологическое оборудование."
34,19.03.04 Технология продукции и организация общественного питания,"Форма обучения:ОчноПрофиль:Технология и организация ресторанного делаВступительные экзамены:Математика; Физика  / Химия; Русский языкСрок обучения:4 годаЧто изучать:- разработку рецептур, технологий по производству кулинарных и кондитерских изделий функционального и специализированного назначения на предприятиях питания (рестораны, кафе, бары), предприятиях пищевой промышленности;- проектирование предприятий и комбинатов питания, разработка комплексных рационов для спортсменов на основе принципов нутрициологии для лечебно-профилактического и оздоровительного питания;- организацию производства и обслуживания на предприятиях питания на основе IT-технологий;- внедрение процессов по управлению предприятиями питания, эксплуатации инновационного технологического оборудования.Чем заниматься:- управлять технологическими процессами по производству кулинарных и кондитерских изделий в предприятиях общественного питания (рестораны, кафе, бары, комбинаты питания, холдинговые компании и др.);- внедрять в производство и реализовывать новые виды продукции здорового назначения на основе изучения спроса населения;- соблюдать технологические этапы, безопасность продукции по требованиям ХАССП;- изучать пищевую ценность растительного сырья и продукцию животного происхождения, методы лабораторных исследований;- контролировать качество сырья и готовой продукции;- работать в сетевых и крупных предприятиях питания, внедрять автоматические и поточно-механизированные линии по производству продукции на предприятиях пищевой и перерабатывающей промышленности."
35,28.03.03 Наноматериалы,"Форма обучения:ОчноПрофиль:НаноматериалыВступительные экзамены:Математика; Физика  / Химия; Русский языкСрок обучения:4 годаЧто изучать:- материаловедение, микроэлектронику и компьютерное моделирование;- принципы разработки материалов с качественно новыми характеристиками, используемые во всех производственных сферах;- методы создания качественно новой продукции;- процессы формирования и модификации наноматериалов и наносистем (включая кластеры, фуллерены, нанотрубки, нанодисперсные порошки, наноструктурные пленки и покрытия) с заданными свойствами, неорганической и органической природы, в твердом, жидком, гелеобразном и аэрозольном состояниях, фазовые и химические превращения на стадиях их получения, модификации и эксплуатации;- процессы взаимодействия наноматериалов с живыми системами.Чем заниматься:- проводить лабораторные опыты, прикладные исследования и испытаний при работе в производственных лабораториях и над научными проектами;- проводить исследования физических, химических, механических, биологических и специальных свойств веществ в наноразмерном состоянии, диагностику наносистем, наноматериалов и изделий на их основе;- разрабатывать методы синтеза наноматериалов и наносистем различной природы и назначения с заданными физическими, химическими, механическими, биологическими и специальными свойствами, а также изделий на их основе для различных областей наноиндустрии, включая конструкционные наноматериалы, функциональные наноматериалы, композитные наноматериалы, специальные наноматериалы и наносистемы;- моделировать процессы получения, эксплуатации, деградации наноматериалов и наносистем, формирования их свойств."
36,22.03.01 Материаловедение и технологии материалов,"Форма обучения:ОчноПрофиль:Экспертиза и контроль материалов промышленных объектовВступительные экзамены:Математика; Физика 
/ Информатика; Русский языкСрок обучения:4 годаЧто изучать:- современные материалы, их применение и прогрессивные технологии их обработки;- наноматериалы;- маркетинг конструкционных материалов;- экспертиза материалов и конструкций с использованием высокоточных методов анализа, испытаний и диагностики.Чем заниматься:- проводить исследования и осуществлять выбор материалов, исходя из заданных технологических и функциональных свойств;- определять ресурс надежности и долговечности материалов и конструкций;- устанавливать причины разрушения деталей и конструкций;- осуществлять научно-исследовательскую и расчетно-аналитическую деятельность, проектирование и разработку технологической документации;- проводить различные виды диагностики и контроля материалов."
37,27.03.01 Стандартизация и метрология,"Форма обучения:ОчноПрофиль:Стандартизация, метрология и управление качеством в отраслях топливно-энергетического комплексаВступительные экзамены:Математика; Физика 
/ Информатика; Русский языкСрок обучения:4 годаЧто изучать:- методы и средства измерений, испытаний и контроля;- оборудование предприятий и организаций, метрологических и испытательных лабораторий;- стандарты, правила и нормы продукции и производства;- техническое регулирование, системы стандартизации, сертификации и управления качеством, метрологическое обеспечение научной, производственной, социальной и экологической деятельности;- нормативную документацию.Чем заниматься:- устанавливать, реализовывать и контролировать выполнение норм, правил и требований к продукции, технологическому процессу ее производства, применения, транспортировке и утилизации;- участвовать в разработке метрологического обеспечения, метрологического контроля и надзора, нацеленных на поддержание единства измерений, высокое качество и безопасность продукции (услуги), высокую экономическую эффективность для производителей и потребителей;- участвовать в создании систем управления качеством применительно к конкретным условиям производства и реализации продукции на основе отечественных и международных нормативных документов;- обеспечивать функционирование систем подтверждения соответствия продукции, процессов и услуг заданным требованиям."
38,27.03.05 Инноватика,"Форма обучения:ОчноПрофиль:Управление инновациями в промышленности (машиностроение)Вступительные экзамены:Математика; Физика 
/ Информатика; Русский языкСрок обучения:4 годаЧто изучать:- методики проектирования процессов полного жизненного цикла изделия;- методики проектирования и эксплуатации конструкций машин, механизмов, оборудования;- процессы инновационных преобразований;- информационное, технологическое, финансовое и правовое обеспечение инновационной деятельности;- реинжиниринг производств;- CALS-технологии.Чем заниматься:- разрабатывать и реализовывать инновационные проекты создания и развития конкурентоспособных производств;- вести инновационные проекты реинжиниринга производственных и бизнес-процессов;- организовывать и управлять проектами и процессами прогнозирования инновационного развития и адаптации производственных систем к новшествам;- осуществлять формирование и научно-техническое развитие инновационных предприятий."
39,13.04.02 Электроэнергетика и электротехника,"Форма обучения:ОчноПрограмма:Интеллектуальная электроэнергетикаСрок обучения:2 годаЧто изучать:- современные технологии управления системами электроснабжения и их автоматизация;- режимы работы электрических сетей и методы автоматизированного проектирования электроэнергетических систем, перспективное планирование развития энергосистем;- современные направления развития электроэнергетики такие как возобновляемые источники энергии, цифровая электроэнергетика, использование современных устройств силовой электроники, высокоэффективные системы накопления энергии и пр.;- принципы получения и передачи данных в энергетике;- работу с современными цифровыми системами связи на подстанциях, со стандартами связи между оборудованием и микропроцессорными электронными устройствами подстанций, со стандартами связи клиент-сервер цифровых подстанций.Чем заниматься:- осуществлять и корректировать технологические процессы при преобразовании, накоплении, передаче и использовании электрической энергии и электротехнической информации, принципах и средствах управления электротехническими комплексами;- оценивать риски и определять меры по обеспечению безопасности технологических процессов;- применять при работе принципы рационального использования природных ресурсов и защиты окружающей среды;- осуществлять контроль за передачей и распределением энергии, за ее применением, производством и преобразованием."
40,15.04.01 Машиностроение,"Форма обучения:ОчноПрограмма:Прогрессивные технологии и инновации в машиностроенииСрок обучения:2 годаЧто изучать:- новые конкурентоспособные технологии изготовления деталей и сборки машин;- современные CAD/ CAM/ CAE продукты;- системный анализ и моделирование объектов и процессов машиностроения;- методики и организацию проведения теоретических и экспериментальных исследований в области технологии машиностроения с использованием новейших достижений науки и техники.Чем заниматься:- обеспечивать прогрессивную эксплуатацию оборудования и других средств технологического оснащения автоматизированного производства изделий машиностроения, осваивать и совершенствовать технологические процессы изготовления новых конкурентоспособных изделий, обеспечивать их технологичность;- проводить маркетинговые исследования, используя знания проектного менеджмента, участвовать в создании или совершенствовании системы менеджмента качества предприятия;- организовывать и эффективно управлять работой коллектива, состоящего из специалистов различных направлений и квалификаций, а также готовность нести ответственность за результаты выполненной работы;- осуществлять коммуникации в профессиональной среде, презентовать и защищать результаты инженерной и исследовательской деятельности."
41,15.04.02 Технологические машины и оборудование,"Форма обучения:Очно / ЗаочноПрограмма:Инновационные технологии. Управление качеством и инжиниринг промышленного оборудования и производстваСрок обучения:2 года / 2 года 6 мес.Что изучать:- передовое технологическое оборудование и инструмент,
включая  станки с ЧПУ, робототехнические
комплексы и инструментальные системы;- современные стратегии, методы и средства управления
качеством, включая системы менеджмента качества и интегрированные системы менеджмента
по ISO
9001, ISO 14001, ISO 45001 и СТО Газпром 9001-2018;- современные методы моделирования и проектирования высокопроизводительного
инновационного технологического оборудования, а также  технологий их производства.Чем заниматься:- модернизировать существующее и проектировать новое технологическое
оборудование и инструмент;- внедрять на производстве современные станки с ЧПУ,
робототехнические комплексы и инструментальные системы, а также производить
оценку их эффективности;- осуществлять разработку, внедрение и сопровождение
систем менеджмента качества и интегрированных систем менеджмента;- разрабатывать программы и участвовать в процессе
аудита и сертификации систем менеджмента качества и интегрированных систем
менеджмента на соответствие международным стандартам  ISO 9001, ISO 14001, ISO 45001 и их
российским аналогам;- создавать и продвигать на производстве современные
инновационные инженерные решения в области техники и технологий."
42,18.04.01 Химическая технология,Форма обучения:ОчноПрограмма:Химическая технология топлива и газаСрок обучения:2 годаЧто изучать:- передовые технологические решения производства топлива и газа из углеводородного сырья;- методы и средства проведения научных исследований в области получения топлива и газа из углеводородного сырья;- современные методы моделирования и проектирования технологии производства топлива.Чем заниматься:- модернизировать существующие и создавать новые технологические решения по производству топлива и газа;- производить оценку эффективности технологических решений по производству топлива и газа из углеводородного сырья;- осуществлять научно-исследовательскую работу в области совершенствования технологии получения топлива и газа;- моделировать и проектировать технологию производства топлива и газа с использованием современных систем автоматизированного проектирования.
43,08.03.01 Строительство,"Форма обучения:ОчноПрофиль:Промышленное и гражданское строительство;Теплогазоснабжение и вентиляция; Водоснабжение и водоотведение; Автомобильные дороги; Производство
и применение строительных материалов, изделий и конструкций;Организация инвестиционно-строительной деятельности;Объекты транспортной инфраструктурыВступительные экзамены:Математика; Физика / Химия / Информатика и ИКТ; Русский языкСрок обучения:4 годаФорма обучения:Очно-заочнаяПрофиль:Промышленное и гражданское строительство;Вступительные экзамены:Математика; Физика / Химия / Информатика и ИКТ; Русский языкСрок обучения:5 летЧто изучать:- проектирование, строительство,
эксплуатация и ремонт зданий и сооружений промышленного и гражданского
назначения;- проектирование, строительство,
эксплуатация и ремонт автомобильных дорог;- проектирование, монтаж и
эксплуатация систем теплогазоснабжения и вентиляции, водоснабжение и
водоотведение зданий и сооружений;- строительные материалы, изделия и
конструкции;- проектирование, строительство,
эксплуатация и ремонт объектов транспортной инфраструктуры;- машины, оборудование,
технологические комплексы и системы автоматизации;- сметное дело и ценообразование в
строительстве.Чем заниматься:- инженерные
изыскания для строительства;- проектирование,
строительство и оснащение объектов капитального строительства и
жилищно-коммунального хозяйства, в сфере технической эксплуатации, ремонта,
демонтажа и реконструкции зданий, линейных сооружений и объектов инфраструктуры
транспорта, объектов жилищно-коммунального хозяйства, в сфере производства и
применения строительных материалов, изделий и конструкций."
44,08.05.01 Строительство уникальных зданий и сооружений,"Форма обучения:ОчноСпецилизация:Строительство высотных и большепролетных зданий и сооруженийВступительные экзамены:Математика; Физика / Химия / Информатика и ИКТ; Русский языкСрок обучения:6 летЧто изучать:- нормативно-правовое обеспечение
проектирования высотных и большепролетных зданий и сооружений;- информационное моделирование в
строительстве;- проектирование, строительство,
эксплуатация и ремонт высотных и большепролетных зданий и сооружений;- мониторинг технического состояния
при строительстве высотных и большепролетных зданий и сооружений;- теплогазоснабжение и вентиляция,
водоснабжение и водоотведение, электрические и слаботочные системы высотных и
большепролетных зданий и сооружений;- строительные материалы, изделия и
конструкции;

- сметное дело и ценообразование в строительствеЧем заниматься:- проектирование,
строительство, мониторинг и техническое перевооружение объектов капитального
строительства;- инженерные изыскания для строительства и исследования для строительства и жилищно-коммунального хозяйства, в сфере технической эксплуатации, ремонта, демонтажа и реконструкции зданий, сооружений, объектов жилищно-коммунального хозяйства, в сфере производства и применения строительных материалов, изделий и конструкций."
45,"08.05.02 Строительство, эксплуатация, восстановление и техническое прикрытие автомобильных дорог, мостов и тоннелей","Форма обучения:ОчноПрофиль:Строительство (реконструкция), эксплуатация и техническое прикрытие автомобильных дорогВступительные экзамены:Математика; Физика / Химия / Информатика и ИКТ; Русский языкСрок обучения:5 летЧто изучать:- проектирование, эксплуатация,
реконструкция, содержание и ремонт автомобильных дорог;- геодезическое обеспечение
строительства автомобильных дорог;- авторский и технический надзор
при строительстве автомобильных дорог;- механизация работ при содержании
и ремонте автомобильных дорог;- дорожные условия и безопасность
движения;- сметное дело и ценообразование в
строительстве.Чем заниматься:- изыскания, проектирование и строительство автомобильных дорог; - текущее содержание, ремонт, реконструкция и восстановление
транспортных сооружений; - производство дорожно-строительных материалов; - авторский и технический надзор при строительстве
автомобильных дорог."
46,08.04.01  Строительство,"Форма обучения:Очно / ЗаочноПрограммы (очно):Проектирование, строительство и экспертиза автомобильных дорог и городских улиц;Водоснабжение и водоотведение городов и промышленных предприятий;Системы теплогазоснабжения и вентиляции, энергоаудит;Теория и проектирование зданий и сооружений;Теория и проектирование геотехнических сооружений;Инвестиционно-строительное проектирование и сметное дело;Управление проектами строительства мостов и путепроводов на автомобильных дорогах;Цифровое строительство;Промышленное и гражданское строительство на объектах нефтедобычиПрограммы (заочно):Технологии и организация строительства; Производство и контроль строительных изделий и конструкций;Управление строительной организацией; Инвестиционно-строительное проектирование и сметное дело;Системы теплогазоснабжения, вентиляции, и кондиционирование воздуха.Вступительные экзамены:ТестированиеСрок обучения:2 года / 2 года 6 месЧто изучать:- проектирование,
возведение, эксплуатацию, мониторинг и реконструкцию зданий, линейных
сооружений и объектов инфраструктуры транспорта;- инженерное
обеспечение и оборудование строительных объектов и городских территорий, а
также транспортной инфраструктуры;- инженерные
изыскания для строительства;- разработку
машин, оборудования и технологий, необходимых для строительства и производства
строительных материалов, изделий и конструкций;- сметное дело и ценообразование в
строительстве.Чем заниматься:- инженерные
изыскания для строительства;- проектирование,
строительство, содержание, эксплуатация, реконструкция, мониторинг специальных
сооружений, объектов капитального строительства, ЖКХ, автомобильных дорог и
искусственных сооружений на транспорте;- сметное дело и ценообразование в
строительстве;- производство и контроль строительных
материалов, изделий и конструкций."
47,05.03.01 Геология,"Форма обучения:ОчноПрофиль:Инженерная геология и геокриология нефтегазоносных регионов,Геокриология,
инженерная геология и гидрогеологияВступительные экзамены:Математика; Физика 
/ Информатика и ИКТ / Химия / Иностранный язык; Русский языкСрок обучения:4 годаЧто изучать:- структурную геологию, гидрогеологию, минералогию, экологическую геологию, литологию, петрографию, кристаллографию;- разведку и добычу природных ресурсов;- геологическую инженерию;- основные закономерности формирования гидрогеологических, инженерно-геологических и геокриологических условий территорий;- строение, состав и свойства мерзлых пород и грунтов;- закономерности формирования и состав подземных вод;- методы определения экономической эффективности гидрогеологических, инженерно-геологических и геокриологических исследований и разработок.Чем заниматься:- проводить геологические изыскания с целью поиска месторождений нефти и полезных ископаемых, а также оценивать потенциал имеющихся;- работать в нефтегазодобывающих предприятиях, организациях по ремонту скважин, хранению или транспорту углеродов;- обосновывать, проектировать, организовывать и осуществлять основные виды гидрогеологических, инженерно-геологических и геокриологических исследований;- участвовать в экспедициях геологических объединений, работать в научно-исследовательских учреждениях."
48,27.03.04 Управление в технических системах,"Форма обучения:ОчноПрофиль:Интеллектуальные системы и средства автоматизированного управленияВступительные экзамены:Математика; Физика 
/ Информатика и ИКТ / Химия / Иностранный язык; Русский языкСрок обучения:4 годаЧто изучать:- системы автоматизации, управления, контроля, технического диагностирования и информационного обеспечения;- методы и средства проектирования, моделирования и экспериментального исследования технических систем;- ввод интеллектуальных систем в эксплуатацию на действующих объектах и техническое обслуживание.Чем заниматься:- заниматься проектированием, исследованием, производством и эксплуатацией систем и средств управления в разных отраслях;- осуществлять тестирование опытных образцов;- проводить комплекс мероприятий, нацеленных на сертификацию технических систем, процессов и средств;- создавать современные программные и аппаратные средства исследования и проектирования, контроля, технического диагностирования и промышленных испытаний систем автоматического и автоматизированного управления."
49,21.05.02 Прикладная геология,"Форма обучения:Очно /ЗаочноПрофиль:Геофизические методы поиска и разведки месторождений полезных ископаемых; Геофизические методы исследования скважин / Геология нефти и газаВступительные экзамены:Математика; Физика 
/ Информатика и ИКТ / Химия / Иностранный язык; Русский языкСрок обучения:5 лет / 6 летЧто изучать:- общую геологию, общую химию, физику Земли;- математические методы моделирования в геологии;- инженерную графику;- безопасность жизнедеятельности и ведение геологоразведочных работ;- основы геодезии и картографии;- буровые станки и бурение скважин;- водоснабжение и инженерные мелиорации;- геологические основы эффективности использования недр и 3D-моделирование;- инженерную геодинамику;- методы увеличения нефтеотдачи и оценка методов интенсификации;- основы геодезии и топографии.Чем заниматься:- составлять карты и разрезы геологического содержания;- разрабатывать геолого-генетические, прогнозно-поисковые и геолого-промышленные модели месторождений полезных ископаемых различных видов;- проводить апробацию полезных ископаемых и вмещающих их пород, горных пород, воды и прочего в различной природной обстановке;- участвовать в полевых практиках, проводить геологические исследования;- проводить диагностику нефти, горных пород, минералов, природной воды,полезных ископаемых и газа;- подсчитывать запасы и давать оценку остаточных ресурсов нефти, полезных ископаемых и газа;- определять перспективные площади и участки, осуществляя поиск и оценкуполезных ископаемых;- обрабатывать и систематизировать полученные данные и результаты, используя современные компьютерные технологии."
50,21.05.03 Технология геологической разведки,"Форма обучения:ОчноПрофиль:Геофизические методы поиска и разведки месторождений полезных ископаемых; Геофизические методы исследования скважинВступительные экзамены:Математика; Физика 
/ Информатика и ИКТ / Химия / Иностранный язык; Русский языкСрок обучения:5 летЧто изучать:- геологию, геофизические исследования скважин, гидрогеологию и инженерную геологию;- физику горных пород, инженерная графика, математическое моделирование;- бурение скважин, месторождения полезных ископаемых, разведочную геофизику;- основы геодезии и топографии;- основы производственного менеджмента.Чем заниматься:- разрабатывать методики и проводить теоретические и экспериментальныеисследования по анализу, синтезу и оптимизации технологий геологическойразведки;- выполнить измерения посредством специальной аппаратуры;- разрабатывать нормы выработки и технологические нормативы на проведение  геологической разведки;- проектировать и проводить геофизические работы любой сложности;- интерпретировать геофизические данные любых геофизических методов."
51,05.04.01 Геология,"Форма обучения:ОчноПрограмма:Ресурсы Арктики и СубарктикиСрок обучения:2 годаЧто изучать:- обоснование, проектирование, организация и осуществление основных видов инженерно-геологических и геокриологических исследований;- геокриологию;- морские геологоразведочные работы.Чем заниматься:- осуществлять поиски, разведку и добычу минерального сырья, инженерно-геологические изыскания;- проводить мониторинг окружающей среды и решать экологические задачи;- участвовать в научно-исследовательских проектах, связанных с решением геологических проблем."
52,15.04.04 Автоматизация технологических процессов и производств,"Форма обучения:ОчноПрограмма:Автоматизация технологических процессов нефтегазодобычиСрок обучения:2 годаЧто изучать:- средства, способы и методы науки и техники, направленные на автоматизацию действующих и создание новых технологий;- разработку, реализацию и контроль норм, правил и требований к продукции различного служебного назначения;- разработку и исследование средств и систем автоматизации и управления различного назначения, в том числе жизненным цикломпродукции и ее качеством.Чем заниматься:- проводить исследования в области проектирования и совершенствования структур предприятий;- создавать и применять программное обеспечение систем автоматизации, управления и контроля технологическими процессами и производствами, обеспечивающих выпуск высококачественной продукции."
53,21.04.01 Нефтегазовое дело,"Форма обучения:ОчноПрограммы:Диагностика технического состояния и надежности нефтегазового оборудования; Нефтегазовая геология и геофизика; Комплексное развитие месторождений нефти и газа; Разработка нефтяных и газовых месторождений; Моделирование разработки нефтяных и газовых месторождений; Технологические решения строительства скважин на месторождениях со сложными геолого-технологическими условиями их разработкиСрок обучения:2 годаЧто изучать:- комплексный анализ геолого-геофизической информации;- построение моделей нефтегазовых месторождений;- строительство нефтяных и газовых скважин на месторождениях со сложными условиями;- супервайзинг в бурении.Чем заниматься:- разработка методологии и методов проектирования и конструирования, реализация и управление технологическими процессами и производствами в сегменте топливной энергетики;- решение самых сложных задач поиска и освоения нефтегазовых объектов;- проведение научных исследований и разработок."
54,21.04.01 Нефтегазовое дело,"Форма обучения:ОчноПрограмма:Капитальный ремонт и реконструкция скважин, ENСрок обучения:2 годаЧто изучать:- комплексный анализ геолого-геофизической информации;- построение моделей нефтегазовых месторождений;- технологические процессы строительства скважин на месторождениях с многофакторной осложненностью;- цифровой супервайзинг бурения.Чем заниматься:- решать самые сложные задачи поиска и освоения нефтегазовых объектов;- проводить научные исследования и разработки;- по совершенствованию технологических процессов, технических средств (материалов, рецептур растворов, хим.реагентов);- разрабатывать технологические проекты по строительству скважин с учетом осложненности месторождений;- разрабатывать методологию и методы проектирования и конструирования, реализацию и управление технологическими процессами и производствами в сегменте топливной энергетики, включающем освоение месторождений, транспорт и хранение углеводородов."
55,21.04.01 Нефтегазовое дело,"Форма обучения:Очно-заочнаяПрограмма:Автоматизация технологических процессов нефтегазодобычиСрок обучения:2 г. 6 мес.Что изучать:- контроль и управление траекторией бурения
(геонавигации) скважин;- капитальный ремонт скважин;- повышение нефтеотдачи пластов;- забуривание боковых стволов скважин.Чем заниматься:- обеспечивать контроль за соблюдением технологии
бурения скважин, качеством проведения работ по бурению, креплению и освоению
скважин;- участвовать в разработке перспективных и текущих
планов производства работ предприятием, определять наиболее перспективные
направления по совершенствованию технологических процессов бурения;- контролировать внедрение технологических
рекомендаций по установлению рациональных способов бурения и оптимальных
параметров режимов бурения;- вести техническую документацию;- контролировать процесс вскрытия продуктивных
горизонтов и соблюдение проектных данных по режиму бурения, соответствие
параметров промывочной жидкости."
56,21.04.01 Нефтегазовое дело,"Форма обучения:ОчнаяПрограмма:Инжиниринг геологоразведки и разработки газовых месторожденийСрок обучения:2 гоЧто изучать:- цифровое геологическое моделирование,                                   - цифровое гидродинамическое моделирование;- цифровое технологическое моделирование;- цифровая модель пластового флюида.                                                   - цифровое гидродинамическое моделирование;- единый комплекс цифровых моделей месторождения;- цифровые двойники месторождений;                                    - алгоритмизация и программирование в решении задач моделирования;Чем заниматься:В процессе обучения студенты учатся формировать разделы проекта геологического изучения недр, проектного технического документа на разработку месторождения, разрабатывают геологические модели, гидродинамические, технологические, геомеханические модели для месторождений, разрабатывают дизайны ГРП.Учатся проводить экспертизу проектной и технической документации,работая с единым комплексом цифровых моделей для решения текущих задач объектов компании."
